Zip,Street,Region,Price,Bedrooms,Bathrooms,Floorspace,Pet_friendly,Furnished,lat,lng,crime_percentage,restaurant_num,restaurant_star,trans_time_driv,trans_time_walk,trans_time_bike
15213,3408 Parkview Avenue Apartments,"Oakland, Pittsburgh, PA",795 - 1395,1-3,1,,Y,N,40.4306925,-79.9527988,0.026561,7,3.642857142857143,6.0,19.0,7.0
15213,Dawson Village Apartments,"Oakland, Pittsburgh, PA",920,1,1,,Y,N,40.4389909,-79.9528168,0.026561,49,3.704081632653061,5.0,20.5,6.0
15213,Centre Towers Apartments,"Shadyside, Pittsburgh, PA",780 - 955,Studio-1,1,,N,N,40.452776,-79.947715,0.026561,39,3.1153846153846154,5.0,18.0,7.0
15213,The Camelot Apartments,"North Oakland, Pittsburgh, PA",1392 - 2088,2,1-2,,N,N,40.450925,-79.952523,0.026561,61,3.459016393442623,6.0,13.5,6.0
15213,Schenley Apartments,"North Oakland, Pittsburgh, PA",1395 - 2750,1-2,1-2,,Y,N,40.450199,-79.954562,0.026561,25,3.42,5.5,16.5,6.0
15213,Oak Hill Apartments - Pittsburgh,"Terrace Village, Pittsburgh, PA",1080 - 1600,1-2,1-2,,Y,N,40.442811799999994,-79.97065289999998,0.026561,1,1.0,10.5,31.0,11.5
15213,Royal Windsor Apartments,"North Oakland, Pittsburgh, PA",825 - 969,Studio-1,1,,N,N,40.4508529,-79.94982910000002,0.026561,69,3.420289855072464,6.5,13.0,6.5
15213,University Commons Apartments,"North Oakland, Pittsburgh, PA",870 - 945,1,1,,N,N,40.4390875,-79.9633696,0.026561,23,3.3260869565217392,9.0,24.0,8.5
15213,Neville Street Properties - Student Housing,"North Oakland, Pittsburgh, PA",1030,1,1,,N,N,40.44941,-79.94888900000001,0.026561,88,3.3068181818181817,4.5,12.5,4.0
15213,Sherwood Towers Apartments,"North Oakland, Pittsburgh, PA",1158 - 2497,Studio-3,1-2,,Y,N,40.45095870000001,-79.9511017,0.026561,69,3.398550724637681,4.5,12.5,4.0
15213,University Loft Apartments,"Oakland, Pittsburgh, PA",2575,3,2,,N,N,40.4386951,-79.952362,0.026561,42,3.7857142857142856,3.5,14.5,6.0
15213,Chalfont Apartments,"Shadyside, Pittsburgh, PA",Contact For Price,Studio-2,1-2,,Y,N,40.452627,-79.948037,0.026561,43,3.197674418604651,5.0,17.5,6.5
15213,Hampshire Hall Apartments,"Shadyside, Pittsburgh, PA",530 - 625,Studio-1,1,,N,Y,40.452626,-79.94836099999998,0.026561,50,3.24,5.0,17.0,6.5
15213,Webster Hall Apartments,"North Oakland, Pittsburgh, PA",1850,2,2,,N,N,40.4468884,-79.95113719999998,0.026561,61,3.5245901639344264,5.5,8.0,3.5
15213,3445 Parkview Ave #HOUSE,"Oakland, Pittsburgh, PA",2600,5,2.5,,N,N,40.4356845,-79.95212029999998,0.026561,18,3.861111111111111,3.0,19.0,7.0
15213,3201 Ophelia St,"Oakland, Pittsburgh, PA",1425,3,1,,N,N,40.43478899999999,-79.962233,0.026561,18,3.4722222222222223,8.5,26.0,9.0
15213,352 Melwood Ave,"North Oakland, Pittsburgh, PA",900,2,1,,Y,N,40.453871,-79.95156659999998,0.026561,59,3.5,6.0,17.5,6.5
15213,335 Melwood Ave,"North Oakland, Pittsburgh, PA",850,2,1,,N,N,40.4531383,-79.95174639999998,0.026561,59,3.5,6.0,17.0,6.5
15213,514 Semple St #2,"Oakland, Pittsburgh, PA",1200,2,1,,N,N,40.4361801,-79.95347890000001,0.026561,41,3.6951219512195124,4.5,18.0,6.5
15213,3237 Dawson St #2,"Oakland, Pittsburgh, PA",650,1,1,,N,Y,40.43096449999999,-79.95422190000001,0.026561,7,3.357142857142857,4.0,25.0,8.0
15213,3753 Childs St,"Oakland, Pittsburgh, PA",2250,4,2.5,1836.0,N,N,40.4294078,-79.9512934,0.026561,4,4.25,5.5,25.5,9.5
15213,3329 Parkview Ave,"Oakland, Pittsburgh, PA",2200,4,2,1300.0,N,N,40.432633200000005,-79.95298580000001,0.026561,24,3.7708333333333335,4.0,20.0,9.0
15213,236 Meyran Ave #1,"Oakland, Pittsburgh, PA",1175,2,1,450.0,N,Y,40.439461,-79.957284,0.026561,145,3.43448275862069,5.5,16.5,5.5
15213,341 Meyran Ave #1,"Oakland, Pittsburgh, PA",800,1,1,,N,Y,40.438387299999995,-79.9553181,0.026561,111,3.5135135135135136,4.0,19.0,6.5
15213,3821 Bates St #2,"Oakland, Pittsburgh, PA",800,1,1,,N,Y,40.439357799999996,-79.952867,0.026561,53,3.688679245283019,3.0,14.5,5.0
15213,514 Semple St #1A,"Oakland, Pittsburgh, PA",800,1,1,,N,Y,40.4361801,-79.95347890000001,0.026561,41,3.6951219512195124,4.5,18.0,6.5
15213,3731 Dawson St #1,"Oakland, Pittsburgh, PA",1800,4,1,,N,N,40.4381961,-79.95214890000001,0.026561,24,3.7916666666666665,3.5,15.0,6.0
15213,309 McKee Pl,"Oakland, Pittsburgh, PA",1750,3,1,,N,N,40.43830620000001,-79.95706290000001,0.026561,146,3.462328767123288,5.5,19.5,6.0
15213,512 Semple St #2,"Oakland, Pittsburgh, PA",1800,3,1,,N,Y,40.436156,-79.9536384,0.026561,43,3.7093023255813953,4.5,18.0,7.0
15213,375 Meyran Ave #3,"Oakland, Pittsburgh, PA",700,1,1,,N,N,40.437767799999996,-79.95450629999998,0.026561,72,3.5694444444444446,4.0,18.0,6.5
15213,3292 Dawson St,"Oakland, Pittsburgh, PA",1800,3,1,1380.0,N,N,40.4327008,-79.9533478,0.026561,25,3.72,3.5,22.5,7.0
15213,15 Oakland Sq,"Oakland, Pittsburgh, PA",2800,4,2,2607.0,N,N,40.4367289,-79.9516431,0.026561,9,3.7777777777777777,4.5,17.0,6.5
15213,336 Oakland Ave #2,"Oakland, Pittsburgh, PA",1400,2,1,,N,Y,40.4392935,-79.95451229999998,0.026561,85,3.588235294117647,4.0,15.0,5.5
15213,420 Oakland Ave,"Oakland, Pittsburgh, PA",1450,2,1,,N,Y,40.4380938,-79.95280059999999,0.026561,45,3.6222222222222222,4.0,16.0,6.0
15213,3460 Dawson St #1,"Oakland, Pittsburgh, PA",2400,4,1,,N,N,40.4360788,-79.95263969999998,0.026561,31,3.6774193548387095,4.0,17.5,6.5
15213,3359 Parkview Ave,"Oakland, Pittsburgh, PA",1650,3,1,1100.0,N,N,40.4333579,-79.9526375,0.026561,25,3.72,4.5,19.0,8.0
15213,3612 Dawson Street,"Oakland, Pittsburgh, PA",1950,3,1,,N,N,40.4367014,-79.95234239999998,0.026561,29,3.7241379310344827,4.0,16.5,6.5
15213,416 Oakland Ave #6,"Oakland, Pittsburgh, PA",1950,3,1,,N,N,40.4382094,-79.95317209999999,0.026561,50,3.65,4.0,16.0,6.5
15213,3349 1/2 Parkview Ave,"Oakland, Pittsburgh, PA",1800,3,1.5,1050.0,N,N,40.433145,-79.9526812,0.026561,25,3.66,4.5,19.5,8.5
15213,3201 Joe Hammer Sq,"Oakland, Pittsburgh, PA",1575,3,1,950.0,N,N,40.4347773,-79.962215,0.026561,19,3.5,8.5,28.5,9.0
15213,416 Oakland Ave #4,"Oakland, Pittsburgh, PA",1875,3,1,,N,N,40.4382094,-79.95317209999999,0.026561,50,3.65,4.0,16.0,6.5
15213,3212 Kennett Sq,"Oakland, Pittsburgh, PA",1860,3,1,1200.0,N,N,40.4345369,-79.96105920000001,0.026561,21,3.4047619047619047,8.0,27.5,9.0
15213,420 Semple St #2,"Oakland, Pittsburgh, PA",1800,3,1,,N,N,40.436513500000004,-79.9545078,0.026561,61,3.5901639344262297,5.0,19.0,7.0
15213,3530 Louisa St #4,"Oakland, Pittsburgh, PA",1695,2,1,700.0,N,N,40.438725,-79.957257,0.026561,140,3.4178571428571427,5.0,18.0,6.0
15213,3271 Kennett Sq,"Oakland, Pittsburgh, PA",1400,2,1,1248.0,N,N,40.434626,-79.960505,0.026561,21,3.4047619047619047,8.0,27.5,8.5
15213,3709 Dawson St #3,"Oakland, Pittsburgh, PA",750,Studio,1,400.0,N,N,40.4376042,-79.9525282,0.026561,32,3.671875,3.5,15.5,6.0
15213,369 Meyran Ave,"Oakland, Pittsburgh, PA",3000,4,2,1642.0,N,N,40.43786850000001,-79.95464809999999,0.026561,83,3.4879518072289155,4.0,18.0,6.5
15213,3325 1/2 Parkview Ave,"Oakland, Pittsburgh, PA",1650,3,1,,N,N,40.433145,-79.9526812,0.026561,25,3.66,4.5,19.5,8.5
15213,401 N Neville St #C,"Shadyside, Pittsburgh, PA",675,Studio,1,,N,N,40.4514169,-79.94884559999998,0.026561,57,3.2280701754385963,4.5,14.0,6.0
15213,144 N Dithridge St,"North Oakland, Pittsburgh, PA",1700,2,1,983.0,N,Y,40.4482339,-79.950786,0.026561,100,3.52,5.0,9.5,3.5
15213,3530 Louisa St #18,"Oakland, Pittsburgh, PA",1060,1,1,410.0,N,N,40.438725,-79.957257,0.026561,140,3.4178571428571427,5.0,18.0,6.0
15213,3707 Dawson St,"Oakland, Pittsburgh, PA",2025,3,1,1100.0,N,N,40.437432,-79.95247359999998,0.026561,29,3.689655172413793,3.5,15.5,6.0
15213,15 Boundary St #1,"Oakland, Pittsburgh, PA",2595,4,2,1350.0,N,N,40.4393701,-79.951206,0.026561,23,4.021739130434782,4.0,11.5,7.5
15213,3325 Parkview Ave #1,"Oakland, Pittsburgh, PA",2000,4,1.5,,N,N,40.432534999999994,-79.952893,0.026561,24,3.7708333333333335,4.0,20.0,9.0
15213,360 Ophelia St,"Oakland, Pittsburgh, PA",2100,4,2,1500.0,N,N,40.433921500000004,-79.9609315,0.026561,12,3.125,7.0,28.0,9.0
15213,3705 Dawson St,"Oakland, Pittsburgh, PA",2100,3,1,1000.0,N,N,40.4373142,-79.9525048,0.026561,29,3.689655172413793,3.5,16.0,6.0
15213,355 Oakland Ave #1B,"Oakland, Pittsburgh, PA",800,Studio,1,,N,Y,40.439083399999994,-79.9534988,0.026561,53,3.6792452830188678,3.5,15.0,6.0
15213,331 Atwood St,"Oakland, Pittsburgh, PA",3900,6,3,2958.0,N,Y,40.439111100000005,-79.95489520000001,0.026561,104,3.5336538461538463,4.5,17.5,5.5
15213,336 Oakland Ave #3F,"Oakland, Pittsburgh, PA",800,Studio,1,,N,Y,40.4392935,-79.95451229999998,0.026561,85,3.588235294117647,4.0,15.0,5.5
15213,3614 Dawson Street,"Oakland, Pittsburgh, PA",1800 - 2000,3-4,1,,N,N,40.436766799999994,-79.95229479999998,0.026561,27,3.759259259259259,4.0,16.5,6.5
15213,3222 Kennett Sq,"Oakland, Oakland, PA",880,1,1,,N,N,40.434603700000004,-79.9610141,0.026561,21,3.4047619047619047,8.0,27.5,8.5
15213,416 Oakland Ave #5,"Oakland, Pittsburgh, PA",1950,3,2,,N,N,40.4382094,-79.95317209999999,0.026561,50,3.65,4.0,16.0,6.5
15213,3322 Juliet St #1,"Oakland, Pittsburgh, PA",2100,4,2,,N,N,40.43385120000001,-79.95602490000002,0.026561,31,3.5,3.5,24.0,9.0
15213,3408 Juliet St #1,"Oakland, Pittsburgh, PA",2100,4,2,,N,N,40.434332299999994,-79.95589369999998,0.026561,38,3.6052631578947367,3.5,23.5,8.5
15213,3410 Juliet St #1,"Oakland, Pittsburgh, PA",2100,4,2,,N,N,40.434387,-79.95589340000001,0.026561,38,3.6052631578947367,3.5,23.5,8.5
15213,335 Meyran Ave,"Oakland, Pittsburgh, PA",3900,6,3,,N,N,40.43854,-79.95546089999998,0.026561,116,3.5258620689655173,4.0,18.5,6.5
15213,416 Oakland Ave #7,"Oakland, Pittsburgh, PA",1875,3,1,,N,N,40.4382094,-79.95317209999999,0.026561,50,3.65,4.0,16.0,6.5
15213,225 Melwood Ave #15,"North Oakland, Pittsburgh, PA",1100,1,1,776.0,Y,N,40.4507921,-79.9504848,0.026561,72,3.3819444444444446,6.5,13.0,6.5
15213,415 Semple St #2,"Oakland, Pittsburgh, PA",3300,6,2,,N,N,40.436943,-79.954341,0.026561,57,3.6491228070175437,5.0,19.5,7.0
15213,3716 Orpwood St #1,"Oakland, Pittsburgh, PA",425,,,,N,N,40.4294131,-79.95276989999998,0.026561,4,4.25,5.0,24.5,9.0
15213,515 Cato St #3,"Oakland, Pittsburgh, PA",800,,,,N,Y,40.433290500000005,-79.9556971,0.026561,29,3.5517241379310347,4.0,24.5,9.0
15213,351 Atwood St,"Oakland, Pittsburgh, PA",5000,8,4,1600.0,Y,N,40.438690799999996,-79.954364,0.026561,71,3.6338028169014085,4.5,18.0,5.5
15213,3614 Bates St,"Oakland, Pittsburgh, PA",4300,7,3,,N,N,40.437389700000004,-79.9543116,0.026561,60,3.6166666666666667,3.5,17.5,6.0
15213,342 Meyran Ave,"Oakland, Pittsburgh, PA",5000,8,3,,N,N,40.4380905,-79.95560959999999,0.026561,123,3.5040650406504064,4.0,19.0,6.5
15213,3325 Ward St,"Oakland, Pittsburgh, PA",2750,5,3,2600.0,N,N,40.433910299999994,-79.9550354,0.026561,34,3.6323529411764706,4.5,22.5,8.0
15213,3228 Parkview Ave,"Oakland, Pittsburgh, PA",3100,5,1.5,1900.0,N,N,40.43017649999999,-79.9529225,0.026561,7,3.642857142857143,4.5,23.5,8.5
15213,3313 Juliet St,"Oakland, Pittsburgh, PA",3450,6,3,2246.0,N,N,40.433617299999995,-79.9565056,0.026561,28,3.517857142857143,4.0,24.5,9.0
15213,3442 Dawson St #1,"Oakland, Pittsburgh, PA",3400,6,2,2000.0,N,N,40.4357579,-79.9525938,0.026561,31,3.6774193548387095,4.0,18.0,6.5
15213,21 Wellsford St #1-2,"Oakland, Pittsburgh, PA",3600,6,2,,N,N,40.4354346,-79.95564329999998,0.026561,57,3.6403508771929824,3.5,22.0,8.5
15213,214 Dunseith St,"West Oakland, Pittsburgh, PA",3125,5,2,,N,N,40.4409308,-79.96479140000001,0.026561,9,3.388888888888889,7.0,24.0,8.5
15213,515 Cato St,"Oakland, Pittsburgh, PA",800,2,1,,N,N,40.433290500000005,-79.9556971,0.026561,29,3.5517241379310347,4.0,24.5,9.0
15213,765 Broughton St #5,"Bloomfield, Oakland, PA",900,1,1,,Y,N,40.4547783,-79.94660340000001,0.026561,30,3.2,7.0,20.5,8.5
15213,3221 Niagara St,"Oakland, Pittsburgh, PA",1200,3,1,1984.0,Y,N,40.4345406,-79.9601921,0.026561,20,3.35,8.0,26.5,9.5
15213,264 Melwood Ave #1R,"North Oakland, Pittsburgh, PA",1200,4,2,1500.0,N,N,40.451873600000006,-79.95046289999998,0.026561,66,3.371212121212121,6.0,14.5,6.5
15213,749 S Millvale Ave #42,"Bloomfield, Pittsburgh, PA",1080,2,1,,N,N,40.4554309,-79.94744690000002,0.026561,35,3.1,6.5,21.0,8.5
15213,3209 Parkview Ave,"Oakland, Pittsburgh, PA",1096,2,1,1200.0,Y,N,40.4297128,-79.9536334,0.026561,6,3.5833333333333335,4.5,24.0,8.5
15213,358 Ophelia St,"Oakland, Pittsburgh, PA",1600,4,2,1320.0,N,N,40.4339417,-79.9609911,0.026561,12,3.125,7.0,28.0,9.0
15213,3761 Childs St,"Oakland, Pittsburgh, PA",2250,5,3,1520.0,Y,Y,40.4295615,-79.95143890000001,0.026561,4,4.25,5.5,25.5,9.5
15213,264 Melwood Ave #R1,"North Oakland, Pittsburgh, PA",1200,4,2,1500.0,N,N,40.451873600000006,-79.95046289999998,0.026561,66,3.371212121212121,6.0,14.5,6.5
15213,67 Bates St,"Oakland, Pittsburgh, PA",1600,4,1.5,1798.0,Y,N,40.4333138,-79.958603,0.026561,5,3.3,4.0,26.5,11.0
15213,155 Chesterfield Rd,"West Oakland, Pittsburgh, PA",1195,3,1,,N,N,40.440084999999996,-79.9629533,0.026561,27,3.3518518518518516,6.5,21.5,7.5
15213,245 N Dithridge St #2,"North Oakland, Pittsburgh, PA",675,,,,N,Y,40.450112299999994,-79.95278309999998,0.026561,57,3.456140350877193,6.0,13.0,7.0
15213,306 Ophelia St,"Oakland, Pittsburgh, PA",1700,5,2,1770.0,N,N,40.434827,-79.963154,0.026561,18,3.4444444444444446,8.0,25.5,9.0
15213,3203 Niagara St,"Oakland, Pittsburgh, PA",1350,3,2,1324.0,N,N,40.434087100000006,-79.9605266,0.026561,12,3.25,8.5,27.0,10.0
15213,3418 Ward St #2,"Oakland, Pittsburgh, PA",760,2,1,852.0,N,N,40.4351526,-79.9541978,0.026561,46,3.7065217391304346,3.5,20.5,8.0
15213,3229 1/2 Ward St,"Oakland, Pittsburgh, PA",1695,4,1.5,,N,N,40.4316639,-79.9556522,0.026561,19,3.6578947368421053,5.0,25.5,9.0
15213,35 Enfield St,"Bloomfield, Pittsburgh, PA",2000,5,2,1760.0,Y,N,40.4559016,-79.9505406,0.026561,50,3.34,8.0,24.5,10.0
15213,4 Edith Pl,"Oakland, Pittsburgh, PA",995,2,1,1102.0,N,N,40.4331559,-79.954494,0.026561,28,3.642857142857143,5.0,23.0,7.5
15213,3444 Ward St #6,"Oakland, Pittsburgh, PA",1150,2,1,,N,N,40.4357887,-79.95395970000001,0.026561,50,3.66,3.5,20.0,7.0
15213,340 N Craig St #3,"North Oakland, Pittsburgh, PA",1200,2,1,600.0,Y,N,40.453185299999994,-79.95246490000001,0.026561,55,3.590909090909091,5.5,15.5,5.0
15213,344 N Craig St #4,"North Oakland, Pittsburgh, PA",1250,2,1,750.0,Y,Y,40.4533216,-79.95260470000001,0.026561,55,3.590909090909091,5.5,16.0,5.0
15213,3221 Juliet St,"Oakland, Pittsburgh, PA",2100,6,3,,N,N,40.4323595,-79.9567679,0.026561,20,3.525,4.0,26.5,9.5
15213,356 Ophelia St,"Oakland, Pittsburgh, PA",1800,4,2,1308.0,N,N,40.433963399999996,-79.96104079999998,0.026561,12,3.125,7.0,28.0,9.0
15213,407 Semple St #6,"Oakland, Pittsburgh, PA",1200,2,1,1350.0,N,N,40.4369638,-79.9546584,0.026561,75,3.466666666666667,5.5,19.0,7.0
15213,3235 Parkview Ave,"Oakland, Pittsburgh, PA",650,1,1,200.0,N,N,40.4304461,-79.9533485,0.026561,8,3.5,4.5,23.0,8.5
15213,3232 Parkview Ave,"Oakland, Pittsburgh, PA",1750,4,2,1200.0,N,N,40.430310399999996,-79.9528998,0.026561,7,3.642857142857143,4.5,23.0,8.5
15213,4 Wellsford St,"Oakland, Pittsburgh, PA",3850,7,3,,N,N,40.434996999999996,-79.9552728,0.026561,46,3.6739130434782608,3.0,22.5,8.5
15213,3400 Juliet St,"Oakland, Pittsburgh, PA",1495,4,2,1744.0,N,N,40.434148,-79.95592649999998,0.026561,38,3.6052631578947367,3.5,24.0,9.0
15213,3223 Joe Hammer Sq,"Oakland, Pittsburgh, PA",2000,4,1,1675.0,N,N,40.435291600000006,-79.96183359999998,0.026561,25,3.32,9.0,27.5,9.0
15213,222 Morewood Ave #2,"Bloomfield, Pittsburgh, PA",1025,2,1,,Y,N,40.4555004,-79.94604269999998,0.026561,25,3.24,7.5,20.0,9.0
15213,414 McKee Pl #3,"Oakland, Pittsburgh, PA",1175,2,1,,Y,N,40.4360879,-79.9551551,0.026561,62,3.5725806451612905,4.0,21.0,8.0
15213,3235 Parkview Ave #102,"Oakland, Pittsburgh, PA",650,,,,N,Y,40.4304461,-79.9533485,0.026561,8,3.5,4.5,23.0,8.5
15213,339 Oakland Ave,"Oakland, Pittsburgh, PA",3000,5,2,2630.0,N,N,40.4394666,-79.9540097,0.026561,70,3.65,3.5,15.0,5.5
15213,3327 Niagara St,"Oakland, Pittsburgh, PA",995,2,1,,Y,N,40.43562259999999,-79.9596088,0.026561,33,3.621212121212121,4.5,24.5,9.0
15213,3314 Dawson St,"Oakland, Pittsburgh, PA",1395,4,1,,N,N,40.4331848,-79.9532329,0.026561,29,3.6724137931034484,3.0,21.5,6.5
15213,3213 Ward St #A,"Oakland, Pittsburgh, PA",1200,2,1,,Y,N,40.4311795,-79.95549919999998,0.026561,6,3.25,5.0,26.0,9.0
15213,371 S Bouquet St,"Oakland, Pittsburgh, PA",1500,3,1,,N,N,40.4397116,-79.95206929999998,0.026561,33,3.893939393939394,3.0,14.0,5.0
15213,273 Robinson St,"West Oakland, Pittsburgh, PA",1495,3,1,,N,N,40.4424252,-79.96589200000001,0.026561,1,2.5,7.5,25.0,8.5
15213,331 Mckee Place,"Oakland, Pittsburgh, PA",1250 - 1800,2-3,1,,N,N,40.437969,-79.9564692,0.026561,144,3.5034722222222223,5.5,20.0,6.5
15213,229 N Dithridge St #3,"North Oakland, Pittsburgh, PA",1995,3,1,850.0,N,Y,40.4497328,-79.952561,0.026561,57,3.4210526315789473,6.0,12.0,6.0
15213,3319 Ward St,"Oakland, Pittsburgh, PA",1950,3,1,2203.0,N,N,40.4336775,-79.95505240000001,0.026561,32,3.609375,5.0,23.0,8.0
15213,344 Melwood Ave #1,"North Oakland, Pittsburgh, PA",1800,4,1,,Y,N,40.453569099999996,-79.9513808,0.026561,60,3.4833333333333334,6.0,17.0,6.5
15213,322 McKee Pl #1,"Oakland, Pittsburgh, PA",900,1,1,,Y,N,40.4371443,-79.95684440000001,0.026561,139,3.4964028776978417,5.0,21.5,6.5
15213,4628 Bayard St #B2,"North Oakland, Pittsburgh, PA",970,1,1,605.0,N,N,40.4499124,-79.94943570000001,0.026561,81,3.2962962962962963,4.5,12.0,4.5
15213,513 N Neville St #A4,"Shadyside, Pittsburgh, PA",975,1,1,,N,N,40.4500518,-79.94810249999998,0.026561,62,3.338709677419355,4.0,12.0,5.0
15213,513 N Neville St #C2,"Shadyside, Pittsburgh, PA",975,1,1,,N,N,40.4500518,-79.94810249999998,0.026561,62,3.338709677419355,4.0,12.0,5.0
15213,704 Enfield St,"Bloomfield, Pittsburgh, PA",1500,3,2,,Y,N,40.4560471,-79.9506413,0.026561,49,3.377551020408163,8.0,24.5,10.0
15213,328 N Craig St #B,"North Oakland, Pittsburgh, PA",900,1,1,,N,N,40.452677,-79.9522796,0.026561,56,3.5982142857142856,5.5,15.0,5.0
15213,352 Semple St,"Oakland, Pittsburgh, PA",2300,4,2,1492.0,N,N,40.4375992,-79.95585,0.026561,124,3.5080645161290325,5.5,20.0,6.5
15213,3432 Ward St,"Oakland, Oakland, PA",1500,3,2,1952.0,N,N,40.435582200000006,-79.9541891,0.026561,52,3.6538461538461537,3.5,20.0,8.0
15213,2514 Allequippa St,"West Oakland, Pittsburgh, PA",2500,5,2.5,2225.0,N,N,40.441393,-79.9673703,0.026561,0,0.0,8.0,27.0,10.0
15213,311 Morewood Ave #6,"Shadyside, Pittsburgh, PA",1995,3,1,1300.0,N,N,40.453864200000005,-79.94394989999998,0.026561,11,3.8181818181818183,4.5,16.5,5.5
15213,416 Semple St,"Oakland, Pittsburgh, PA",2200,4,2,,N,N,40.43660560000001,-79.95462619999998,0.026561,66,3.522727272727273,5.0,19.5,7.0
15213,Craig House,"North Oakland, Pittsburgh, PA",1349,2,1,,N,N,40.4490241,-79.95060149999998,0.026561,99,3.409090909090909,3.5,9.5,3.0
15213,21 Mackey St,"Oakland, Oakland, PA",1200,3,2,,N,N,40.4336165,-79.95945440000001,0.026561,6,3.5833333333333335,6.0,33.5,15.0
15213,3418 Ward St #3,"Oakland, Pittsburgh, PA",750,1,1,600.0,N,N,40.4351526,-79.9541978,0.026561,46,3.7065217391304346,3.5,20.5,8.0
15213,3621 Childs St,"Oakland, Pittsburgh, PA",1550,3,1,1400.0,N,N,40.4309373,-79.95222220000001,0.026561,5,3.8,4.5,23.0,9.5
15213,344 Melwood Ave #2,"North Oakland, Pittsburgh, PA",2000,4,2,,Y,N,40.453569099999996,-79.9513808,0.026561,60,3.4833333333333334,6.0,17.0,6.5
15213,6 Enfield St #TWO,"Bloomfield, Pittsburgh, PA",2000,4,2,,Y,N,40.4560685,-79.95068149999999,0.026561,48,3.3541666666666665,8.0,24.5,10.0
15213,3211 Ward St #A,"Oakland, Pittsburgh, PA",1200,2,1,,Y,N,40.4311948,-79.95559809999999,0.026561,6,3.25,5.0,26.0,9.0
15213,3715 Parkview Ave,"Oakland, Pittsburgh, PA",3450,6,3,2444.0,N,N,40.437593,-79.95143399999998,0.026561,10,3.85,4.0,16.5,6.5
15213,221 Atwood St #A,"Oakland, Pittsburgh, PA",1500,2,1,800.0,N,N,40.44063679999999,-79.95693979999999,0.026561,156,3.532051282051282,4.0,14.5,5.5
15213,221 Atwood St #L,"Oakland, Pittsburgh, PA",1500,2,1,800.0,N,N,40.44063679999999,-79.95693979999999,0.026561,156,3.532051282051282,4.0,14.5,5.5
15213,121 Chesterfield Rd,"West Oakland, Pittsburgh, PA",1900,3,1,,N,N,40.4396245,-79.96234040000002,0.026561,27,3.3703703703703702,6.0,20.5,7.5
15213,205 Robinson St #8,"West Oakland, Pittsburgh, PA",975,1,1,,Y,N,40.44059670000001,-79.9659131,0.026561,3,3.3333333333333335,7.0,25.0,9.5
15213,3611 Boulevard Of The Allies,"Oakland, Pittsburgh, PA",1700,3,1.5,1400.0,N,N,40.4347189,-79.953994,0.026561,43,3.6744186046511627,2.5,21.0,7.0
15213,338 Oakland Ave,"Oakland, Pittsburgh, PA",1380,2,1,,N,N,40.439259,-79.95444049999998,0.026561,83,3.5783132530120483,4.0,15.0,5.5
15213,3301 Juliet St #2,"Oakland, Pittsburgh, PA",1800,3,1,,N,N,40.433327500000004,-79.9565712,0.026561,24,3.5208333333333335,4.0,25.0,9.0
15213,4917 Centre Ave #101,"Bloomfield, Pittsburgh, PA",1499,2,1.5,1100.0,N,N,40.4539106,-79.9458295,0.026561,26,3.2884615384615383,5.0,17.5,6.0
15213,3266 Niagara Sq,"Oakland, Oakland, PA",1395,2,1,,N,N,40.4345434,-79.95953589999998,0.026561,20,3.475,8.5,27.0,10.0
15213,376 Meyran Ave #2,"Oakland, Pittsburgh, PA",1600,3,1,20.0,N,N,40.4374662,-79.95477919999998,0.026561,87,3.5,4.0,18.0,6.5
15213,3401 Forbes Ave #108,"Oakland, Pittsburgh, PA",1450,2,1,,N,N,40.438781,-79.9613679,0.026561,37,3.2972972972972974,5.0,19.5,6.0
15213,3261 Parkview Ave,"Oakland, Pittsburgh, PA",1590,3,2,1824.0,N,N,40.431118100000006,-79.95316199999998,0.026561,8,3.5,4.0,22.0,8.5
15213,"3 bed, $1,875","Oakland, Pittsburgh, PA",1875,3,1,,Y,N,40.437925899999996,-79.95564240000002,0.026561,123,3.5203252032520327,798.0,3769.0,1375.0
15213,3297 Kennett Sq,"Oakland, Pittsburgh, PA",1100,1,1,561.0,Y,N,40.434343,-79.960724,0.026561,16,3.46875,8.5,28.0,9.0
15213,332 Atwood St,"Oakland, Pittsburgh, PA",2500,6,2,,N,N,40.4388059,-79.9550958,0.026561,111,3.527027027027027,4.5,17.5,5.5
15213,363 Semple St,"Oakland, Pittsburgh, PA",2500,5,2,1358.0,N,N,40.4375514,-79.9553037,0.026561,105,3.5285714285714285,5.5,19.0,6.5
15213,Sussex Apartments,"Oakland, Pittsburgh, PA",780,Studio+,1,,Y,N,40.4379301,-79.95758289999998,0.026561,132,3.462121212121212,5.5,20.0,6.0
15213,3624 Bates St #1,"Oakland, Pittsburgh, PA",1999,3,2,,N,N,40.4377311,-79.95409079999999,0.026561,59,3.6271186440677967,3.5,17.0,5.5
15213,417 Semple St #2,"Oakland, Pittsburgh, PA",3250,5,2,,N,N,40.436894,-79.954278,0.026561,56,3.6339285714285716,5.0,19.5,7.0
15213,3624 Bates St #2,"Oakland, Pittsburgh, PA",1199,1,1,,N,N,40.4377311,-79.95409079999999,0.026561,59,3.6271186440677967,3.5,17.0,5.5
15213,320 Ophelia St,"Oakland, Pittsburgh, PA",2100,4,3,,N,N,40.43461870000001,-79.96249139999998,0.026561,19,3.473684210526316,8.5,26.0,9.0
15213,336 Joncaire St,"Oakland, Pittsburgh, PA",2000,4,2,,N,N,40.440325,-79.95302099999999,0.026561,55,3.772727272727273,2.5,11.5,5.5
15213,3410 Allequippa St,"West Oakland, Pittsburgh, PA",2200,3,1.5,930.0,N,N,40.442837,-79.9654599,0.026561,1,2.5,7.0,24.0,8.5
15213,373 Semple St,"Oakland, Pittsburgh, PA",3700,6,2,,N,N,40.4374395,-79.9550873,0.026561,101,3.5247524752475248,5.5,19.0,6.5
15213,263 Robinson St,"West Oakland, Pittsburgh, PA",1595,3,2,2250.0,N,N,40.4420654,-79.96589559999998,0.026561,2,3.25,7.5,26.0,8.5
15213,3202 Niagara St,"Oakland, Pittsburgh, PA",1600,3,2,,N,N,40.4338981,-79.9600659,0.026561,10,2.95,6.5,27.0,10.0
15213,352 N Craig St #4,"North Oakland, Pittsburgh, PA",1295,3,3,,N,N,40.4536521,-79.95277949999998,0.026561,54,3.5925925925925926,5.5,16.5,5.0
15213,King Edward Annex,"North Oakland, Pittsburgh, PA",1100,1,1,,Y,N,40.450274900000004,-79.95004859999999,0.026561,75,3.46,4.5,11.5,4.0
15213,18 Wellsford St #1-2,"Oakland, Pittsburgh, PA",3300,6,2,,N,N,40.435356799999994,-79.95521629999998,0.026561,54,3.685185185185185,3.5,22.0,8.5
15213,352 S Bouquet St,"Oakland, Oakland, PA",3800,5,2,,N,N,40.4397787,-79.95275649999998,0.026561,53,3.707547169811321,2.5,13.5,4.5
15213,166 N Dithridge St #5J,"North Oakland, Oakland, PA",1000,1,1,,N,N,40.448595000000005,-79.95133229999998,0.026561,74,3.5,5.0,10.0,4.0
15213,3720 Parkview Ave,"Oakland, Pittsburgh, PA",2400,3,1.5,,N,N,40.4376118,-79.9509011,0.026561,9,4.111111111111111,4.5,16.5,6.5
15213,311 Meyran Ave #1,"Oakland, Pittsburgh, PA",2600,4,1,,N,N,40.438997,-79.956113,0.026561,142,3.482394366197183,4.5,17.5,6.5
15213,412 Morewood Ave,"Shadyside, Pittsburgh, PA",3250,3,3,2150.0,N,Y,40.452624,-79.9439699,0.026561,12,3.875,4.0,15.0,5.0
15213,367 S Bouquet St,"Oakland, Pittsburgh, PA",5400,6,3,,N,N,40.4397822,-79.95220040000001,0.026561,35,3.914285714285714,3.0,14.0,5.0
15213,12 Ellsworth Ter,"Shadyside, Oakland, PA",3350,3,2.5,,Y,N,40.449844299999995,-79.9469,0.026561,63,3.4206349206349205,4.5,11.5,5.5
15213,504 N Neville St #12,"North Oakland, Oakland, PA",3500,2,2,,Y,N,40.45017290000001,-79.94877159999999,0.026561,67,3.328358208955224,4.0,12.5,5.0
15213,3526 Frazier St,"Oakland, Oakland, PA",3000,3,3.5,,Y,N,40.4309503,-79.95595909999999,0.026561,4,2.75,4.5,27.5,9.0
15217,Phillips Ave Apartments,"Squirrel Hill South, Pittsburgh, PA",905,1,1,,N,N,40.428391,-79.924308,0.039716,91,3.934065934065934,5.5,29.5,9.5
15217,Wendover Apartments,"Squirrel Hill South, Pittsburgh, PA",1070 - 1535,1-2,1,,Y,N,40.43204000000001,-79.928715,0.039716,4,3.25,4.5,22.0,6.5
15217,Maxon Towers Apartments,"Squirrel Hill North, Pittsburgh, PA",1360 - 3200,1-3,1-2,,N,N,40.4381792,-79.91844900000002,0.039716,49,3.704081632653061,5.5,24.5,6.5
15217,Morrowfield Apartments,"Squirrel Hill South, Pittsburgh, PA",840 - 1275,Studio-1,1,,Y,N,40.428391,-79.924308,0.039716,91,3.934065934065934,6.5,34.5,11.0
15217,Hobart Court Apartments,"Squirrel Hill South, Pittsburgh, PA",1388 - 1703,2,1,,Y,N,40.432967,-79.92724199999998,0.039716,18,3.9722222222222223,4.5,22.0,6.5
15217,Hempstead Properties,"Squirrel Hill South, Pittsburgh, PA",1396 - 1581,2,1,,Y,N,40.427917799999996,-79.9128443,0.039716,1,3.0,13.5,60.0,23.0
15217,Walnut Towers at Frick Park Apartments,"Squirrel Hill South, Pittsburgh, PA",1215 - 2110,1-2,1-1.5,,Y,Y,40.426778799999994,-79.90929729999998,0.039716,0,0.0,10.0,51.5,20.0
15217,Forbes Terrace Apartments,"Squirrel Hill North, Pittsburgh, PA",2235 - 4038,3-4,1-2.5,,Y,N,40.4383595,-79.9250343,0.039716,89,3.6235955056179776,4.0,19.0,5.0
15217,The Gateway at Summerset Apartments,"Squirrel Hill South, Pittsburgh, PA",1511 - 2644,1-2,1-2,,Y,N,40.4149382,-79.92191820000001,0.039716,5,3.2,11.5,63.0,22.5
15217,Walnut on Wightman Apartments,"Squirrel Hill South, Pittsburgh, PA",3380,4,2.5,,Y,N,40.426778799999994,-79.90929729999998,0.039716,0,0.0,10.0,51.5,20.0
15217,Beacon Commons Apartments,"Squirrel Hill South, Pittsburgh, PA",Contact For Price,3,1.5-2,,Y,N,40.434773,-79.926018,0.039716,16,4.0625,4.0,22.0,5.5
15217,Walnut on the Park Apartments,"Squirrel Hill South, Pittsburgh, PA",Contact For Price,1-2,1,,Y,N,40.4298081,-79.93145609999998,0.039716,1,2.5,6.0,30.5,10.5
15217,4350 Murray Ave #1,"Greenfield, Pittsburgh, PA",800,2,1,1100.0,Y,N,40.4204309,-79.92869069999998,0.039716,27,3.9444444444444446,9.0,47.5,14.5
15217,4111 Windsor St,"Greenfield, Pittsburgh, PA",1295,3,1,1700.0,N,N,40.42465,-79.92886229999998,0.039716,22,3.9545454545454546,8.0,43.5,14.5
15217,2360 Eldridge St,"Squirrel Hill South, Pittsburgh, PA",1050,2,1,,Y,N,40.4298782,-79.9227272,0.039716,121,3.87603305785124,7.0,33.5,13.0
15217,6212 Monitor St,"Squirrel Hill South, Pittsburgh, PA",1695,4,2,1897.0,N,N,40.4251314,-79.9251594,0.039716,24,3.7708333333333335,8.0,43.5,15.0
15217,3633 Beechwood Blvd,"Greenfield, Pittsburgh, PA",1195,3,1.5,1232.0,Y,N,40.4262377,-79.92691090000001,0.039716,20,3.925,8.0,41.0,16.0
15217,5680 Forward Ave #11,"Squirrel Hill South, Pittsburgh, PA",750,1,1,750.0,N,N,40.4287479,-79.92500240000001,0.039716,87,3.9195402298850577,6.5,34.5,11.5
15217,1655 Beechwood Blvd,"Squirrel Hill North, Squirrel Hill, PA",1895,4,2,,Y,N,40.4391711,-79.9160016,0.039716,0,0.0,6.5,28.5,8.0
15217,1512 Denniston St,"Squirrel Hill North, Pittsburgh, PA",1750,3,1,1560.0,N,N,40.4416552,-79.9186337,0.039716,52,3.7115384615384617,5.0,23.5,7.0
15217,6359 Alderson St,"Squirrel Hill South, Squirrel Hill, PA",1250,2,1,,N,N,40.4279531,-79.9198025,0.039716,7,2.857142857142857,8.5,38.0,12.0
15217,5855 Darlington Rd #C3,"Squirrel Hill South, Pittsburgh, PA",825,Studio,1,400.0,Y,N,40.437295,-79.9206604,0.039716,175,3.6885714285714286,6.5,23.5,7.5
15217,3621 Beechwood Blvd,"Greenfield, Pittsburgh, PA",1800,3,1.5,1624.0,Y,N,40.4258936,-79.92693340000001,0.039716,20,3.925,8.0,41.5,16.5
15217,1041 Mirror St,"Greenfield, Pittsburgh, PA",1650,3,2,1411.0,Y,Y,40.426351200000006,-79.92942599999998,0.039716,16,3.8125,8.5,43.0,14.0
15217,3992 Beechwood Blvd,"Greenfield, Pittsburgh, PA",1295,2,1,1200.0,N,N,40.427659999999996,-79.93656170000001,0.039716,12,3.625,4.5,38.0,11.0
15217,2325-2327 Eldridge St #6,"Squirrel Hill South, Pittsburgh, PA",1045,1,1,447.0,Y,N,40.4327086,-79.92486690000001,0.039716,158,3.759493670886076,7.5,32.0,11.5
15217,3994 Beechwood Blvd,"Greenfield, Pittsburgh, PA",1300,2,1,1000.0,Y,N,40.4275951,-79.93660159999999,0.039716,12,3.625,4.5,38.0,11.0
15217,6330 Alderson St,"Squirrel Hill South, Pittsburgh, PA",1595,2,1.5,,Y,N,40.427907399999995,-79.92108089999998,0.039716,50,3.76,8.0,37.0,11.5
15217,5623 Melvin St,"Squirrel Hill South, Pittsburgh, PA",1125,3,1,1000.0,N,N,40.43045679999999,-79.9265698,0.039716,26,3.8461538461538463,5.0,27.0,8.0
15217,780 Hazelwood Ave,"Greenfield, Pittsburgh, PA",925,3,1,,Y,N,40.419639000000004,-79.92993919999998,0.039716,25,3.88,7.0,52.5,15.5
15217,5954 Phillips Ave,"Squirrel Hill South, Pittsburgh, PA",1500,4,1,1100.0,Y,N,40.43206989999999,-79.91846029999998,0.039716,1,5.0,6.5,32.5,11.0
15217,1400 Severn St #2,"Squirrel Hill North, Pittsburgh, PA",1075,2,1,750.0,N,N,40.444263299999996,-79.9167241,0.039716,2,5.0,5.5,24.0,8.0
15217,3518 Beechwood Blvd #2,"Greenfield, Pittsburgh, PA",1350,3,1,1200.0,Y,N,40.423312,-79.9271696,0.039716,27,3.8703703703703702,8.5,44.5,15.0
15217,4016 Murray Ave,"Greenfield, Pittsburgh, PA",995,3,1,1484.0,N,N,40.425785999999995,-79.928145,0.039716,16,3.8125,7.5,40.5,13.0
15217,5860 Forward Ave #5,"Squirrel Hill South, Pittsburgh, PA",1050,2,1,1100.0,N,N,40.4291285,-79.92156580000002,0.039716,84,3.8214285714285716,7.0,34.5,11.0
15217,2357 Tilbury Ave,"Squirrel Hill South, Pittsburgh, PA",1249,3,1,,N,N,40.429413000000004,-79.91784439999998,0.039716,1,2.0,7.0,36.5,12.0
15217,2421 Beechwood Blvd #2421A,"Squirrel Hill South, Pittsburgh, PA",1300,3,1,800.0,N,N,40.4319188,-79.9147445,0.039716,1,3.0,8.5,36.0,12.0
15217,90 Lilac St,"Greenfield, Pittsburgh, PA",950,3,1,,Y,N,40.423265,-79.92890440000001,0.039716,26,3.923076923076923,8.5,44.0,14.5
15217,906 Greenfield Ave #2,"Greenfield, Pittsburgh, PA",895,4,1.5,650.0,N,N,40.4239198,-79.93320759999999,0.039716,1,5.0,5.5,43.5,12.0
15217,6535 Dalzell Pl #3,"Squirrel Hill North, Pittsburgh, PA",800,,,,N,Y,40.441878,-79.9155546,0.039716,1,5.0,6.0,27.0,8.0
15217,4106 Saline St,"Greenfield, Pittsburgh, PA",1500,4,1.5,,N,N,40.4244172,-79.92626,0.039716,36,4.027777777777778,8.5,44.0,16.0
15217,2552 Beechwood Blvd,"Squirrel Hill South, Pittsburgh, PA",1450,3,1,1400.0,N,N,40.428794399999994,-79.9161819,0.039716,1,3.0,8.0,40.0,13.0
15217,2608 Shady Ave,"Squirrel Hill South, Pittsburgh, PA",1425,3,1,,N,N,40.4289596,-79.9216816,0.039716,85,3.8,7.5,35.0,11.0
15217,764 Hazelwood Ave #2,"Greenfield, Pittsburgh, PA",1295,3,2,,N,N,40.419661299999994,-79.930453,0.039716,20,3.925,9.5,53.0,15.5
15217,5858 Morrowfield Ave,"Squirrel Hill South, Pittsburgh, PA",995,2,1,1000.0,N,N,40.42715219999999,-79.92329529999998,0.039716,50,3.78,7.5,38.0,12.5
15217,1303 Denniston St,"Point Breeze, Pittsburgh, PA",3000,6,2,3324.0,Y,N,40.4457284,-79.9194012,0.039716,2,3.5,4.5,23.0,7.0
15217,5860 Forward Ave #1A,"Squirrel Hill South, Pittsburgh, PA",800,1,1,,N,N,40.4291285,-79.92156580000002,0.039716,84,3.8214285714285716,7.0,34.5,11.0
15217,6325 Monitor St #2,"Squirrel Hill South, Pittsburgh, PA",1100,2,1,,N,N,40.425567,-79.9227463,0.039716,38,3.6710526315789473,8.0,43.0,14.5
15217,6325 Monitor St #1,"Squirrel Hill South, Pittsburgh, PA",1100,2,1,,N,N,40.425567,-79.9227463,0.039716,38,3.6710526315789473,8.0,43.0,14.5
15217,5854 Morrowfield Ave,"Squirrel Hill South, Pittsburgh, PA",995,2,1,1500.0,N,N,40.427166,-79.923288,0.039716,50,3.78,7.5,38.0,12.0
15217,5856 Alderson St #245,"Squirrel Hill South, Pittsburgh, PA",1150,2,1,,N,N,40.428138,-79.92287379999998,0.039716,83,3.8734939759036147,8.5,37.0,12.5
15217,2324 Sherbrook St,"Squirrel Hill South, Squirrel Hill, PA",2300,4,3.5,,Y,N,40.4308239,-79.9216921,0.039716,117,3.782051282051282,8.5,32.5,11.5
15217,5854 Forbes Ave,"Squirrel Hill South, Pittsburgh, PA",1225,2,1,1000.0,Y,N,40.43791470000001,-79.92082719999998,0.039716,185,3.6864864864864866,4.5,22.0,5.5
15217,1430 Severn St,"Squirrel Hill North, Pittsburgh, PA",1250,2,1,,N,N,40.4435461,-79.91658100000001,0.039716,2,5.0,6.0,24.5,8.0
15217,2334 Tilbury Ave,"Squirrel Hill South, Pittsburgh, PA",2250,4,1.5,,N,N,40.4298408,-79.9182062,0.039716,2,3.0,8.5,36.0,12.0
15217,2332 Sherbrook St,"Squirrel Hill South, Pittsburgh, PA",1325,3,2,1332.0,N,N,40.4305604,-79.92172070000001,0.039716,112,3.7723214285714284,8.0,33.0,12.0
15217,2421 Beechwood Blvd #C,"Squirrel Hill South, Pittsburgh, PA",1275,2,1,774.0,N,N,40.4319188,-79.9147445,0.039716,1,3.0,8.5,36.0,12.5
15217,5862 Forbes Ave #3,"Squirrel Hill South, Pittsburgh, PA",860,1,1,533.0,Y,N,40.4379235,-79.9205436,0.039716,151,3.6887417218543046,4.5,22.5,5.5
15217,5637 Hobart St #3,"Squirrel Hill South, Pittsburgh, PA",860,1,1,,N,N,40.4328226,-79.92572740000001,0.039716,56,3.919642857142857,4.5,24.0,6.5
15217,6618 Dalzell Pl,"Squirrel Hill North, Pittsburgh, PA",845,Studio,1,,N,N,40.4416355,-79.91389179999999,0.039716,1,5.0,6.5,29.0,8.5
15217,747 McCaslin St,"Greenfield, Squirrel Hill, PA",1750,5,1.5,,Y,N,40.4247937,-79.9362502,0.039716,12,3.625,5.0,39.5,12.0
15217,5710 Phillips Ave #A15,"Squirrel Hill South, Pittsburgh, PA",1325,2,1,,N,N,40.4319307,-79.9236325,0.039716,150,3.7733333333333334,5.5,29.5,9.5
15217,5706 Darlington Rd #2,"Squirrel Hill South, Pittsburgh, PA",1600,3,1,,N,N,40.43662,-79.9246,0.039716,146,3.7294520547945207,5.5,20.0,6.5
15217,569 Loretto Rd,"Greenfield, Pittsburgh, PA",1350,2,1,796.0,Y,N,40.421262299999995,-79.9375671,0.039716,0,0.0,6.0,44.5,13.0
15217,20 Unger Ln,"Squirrel Hill North, Squirrel Hill, PA",2750,4,2.5,,N,N,40.4455311,-79.9365183,0.039716,12,3.375,1.0,3.5,1.5
15217,786 Hazelwood Ave,"Greenfield, Pittsburgh, PA",1000,2,1.5,1100.0,Y,N,40.4195625,-79.9296959,0.039716,26,3.9038461538461537,7.0,52.5,15.5
15217,2421 Beechwood Blvd #B,"Squirrel Hill South, Pittsburgh, PA",1300,2,1,,N,N,40.4319188,-79.9147445,0.039716,1,3.0,8.5,36.0,12.5
15217,5706 Darlington Rd #3,"Squirrel Hill South, Pittsburgh, PA",1550,3,1,,N,N,40.43662,-79.9246,0.039716,146,3.7294520547945207,5.5,20.0,6.5
15217,5454 Covode Pl #B,"Squirrel Hill South, Pittsburgh, PA",1400,2,1,900.0,N,N,40.43127570000001,-79.93077509999999,0.039716,1,2.5,5.5,22.0,8.0
15217,1663 Beechwood Blvd,"Squirrel Hill North, Squirrel Hill, PA",2200,4,2,,N,N,40.4389112,-79.91595790000002,0.039716,0,0.0,5.0,28.5,8.0
15217,5609 Darlington Rd,"Squirrel Hill South, Pittsburgh, PA",750,1,1,120.0,N,Y,40.4369733,-79.9271619,0.039716,14,4.107142857142857,6.0,17.0,5.5
15217,2347 Tilbury Ave #2,"Squirrel Hill South, Pittsburgh, PA",1395,2,1,,N,N,40.429575899999996,-79.91773020000001,0.039716,1,2.0,8.5,36.5,12.0
15217,1133 Wightman St,"Squirrel Hill North, Squirrel Hill, PA",3650,5,4,,N,N,40.446776,-79.928758,0.039716,4,3.625,3.0,12.0,3.5
15217,5839 Darlington Rd #14,"Squirrel Hill South, Pittsburgh, PA",1350,2,1,850.0,N,N,40.4372872,-79.92117259999998,0.039716,197,3.682741116751269,7.0,23.0,8.0
15217,2875 Fernwald Rd,"Squirrel Hill South, Squirrel Hill, PA",1600,3,1,,N,N,40.424099,-79.91667699999998,0.039716,0,0.0,10.0,48.5,16.0
15217,2610 Shady Ave,"Squirrel Hill South, Pittsburgh, PA",1500,3,1,,N,N,40.428886600000006,-79.92170519999998,0.039716,82,3.7804878048780486,7.5,35.0,11.0
15217,6525 Northumberland St,"Squirrel Hill North, Pittsburgh, PA",1600,3,1.5,,Y,N,40.442642,-79.916237,0.039716,2,5.0,5.5,25.5,8.0
15217,3062 Beechwood Blvd,"Squirrel Hill South, Pittsburgh, PA",1850,3,2.5,1500.0,Y,Y,40.4210011,-79.9207955,0.039716,0,0.0,10.0,52.5,16.0
15217,5807 Bartlett St #346,"Squirrel Hill South, Pittsburgh, PA",950,1,1,,N,N,40.436251299999995,-79.9223528,0.039716,182,3.697802197802198,5.5,23.0,6.5
15217,5942 Phillips Ave #1,"Squirrel Hill South, Pittsburgh, PA",1400,2,1,1400.0,N,N,40.4321529,-79.91895759999998,0.039716,3,3.5,7.5,33.0,10.0
15217,6350 Forward Ave #24,"Squirrel Hill South, Pittsburgh, PA",1595,3,2,900.0,N,N,40.4283989,-79.91931389999998,0.039716,4,2.875,7.5,36.5,11.5
15217,6319 Monitor St #1,"Squirrel Hill South, Pittsburgh, PA",1050,1,1,,Y,N,40.4255317,-79.92290960000003,0.039716,38,3.6710526315789473,8.0,42.5,14.5
15217,5917 Nicholson St,"Squirrel Hill South, Pittsburgh, PA",1600,3,1,1250.0,Y,N,40.431576,-79.91981679999998,0.039716,9,3.1666666666666665,8.5,33.0,11.5
15217,6350 Forward Ave #25,"Squirrel Hill South, Pittsburgh, PA",1550,3,2,,N,N,40.4283989,-79.91931389999998,0.039716,4,2.875,7.5,36.5,11.5
15217,6374 Morrowfield Ave,"Squirrel Hill South, Squirrel Hill, PA",1550,3,1,,N,N,40.426637899999996,-79.92034,0.039716,18,3.4444444444444446,8.0,40.0,12.0
15217,5555 Hobart St,"Squirrel Hill South, Pittsburgh, PA",1393,2,1,846.0,N,N,40.432763200000004,-79.92826059999999,0.039716,4,3.25,4.5,22.5,6.5
15217,5615 Hempstead Rd,"Squirrel Hill South, Pittsburgh, PA",1411,2,1,1073.0,N,N,40.4321328,-79.92683679999998,0.039716,22,3.840909090909091,4.5,24.0,6.5
15217,5837 Darlington Rd #10,"Squirrel Hill South, Pittsburgh, PA",795,Studio,1,,N,N,40.43727579999999,-79.92128740000001,0.039716,195,3.6794871794871793,7.0,23.0,8.0
15217,2331 Tilbury Ave,"Squirrel Hill South, Pittsburgh, PA",1850,3,1.5,1584.0,Y,N,40.4299727,-79.9176066,0.039716,1,2.0,8.0,35.5,11.5
15217,5549 Phillips Ave,"Squirrel Hill South, Pittsburgh, PA",1295,2,1,,Y,N,40.431137899999996,-79.92813290000002,0.039716,4,3.25,5.0,25.5,7.5
15217,6350 Forward Ave #15R,"Squirrel Hill South, Pittsburgh, PA",1550,3,2,900.0,N,N,40.4283989,-79.91931389999998,0.039716,4,2.875,7.5,36.5,11.5
15217,1005 Parkview Blvd #A,"Squirrel Hill South, Pittsburgh, PA",1915,2,2,1228.0,Y,N,40.42434420000001,-79.9101191,0.039716,0,0.0,10.0,52.5,19.5
15217,36 Timberline Ct,"Squirrel Hill South, Pittsburgh, PA",1695,3,2,1356.0,N,N,40.42286,-79.92527,0.039716,3,4.333333333333333,10.0,46.0,16.0
15217,5361 Beeler St,"Squirrel Hill North, Pittsburgh, PA",2800,3,2,,N,N,40.4457034,-79.93328199999998,0.039716,19,3.8947368421052633,1.0,6.0,1.5
15217,2347 Tilbury St,"Squirrel Hill South, Pittsburgh, PA",1395,2,1,,N,N,40.429575899999996,-79.91773020000001,0.039716,1,2.0,8.5,36.5,12.0
15217,6316 Morrowfield Ave #1,"Squirrel Hill South, Squirrel Hill, PA",2200,3,2,,N,N,40.427254100000006,-79.92222509999998,0.039716,51,3.823529411764706,7.5,38.0,12.0
15217,5712 Solway St,"Squirrel Hill North, Squirrel Hill, PA",2200,3,1.5,,Y,N,40.4426926,-79.9252621,0.039716,10,3.8,3.5,15.5,4.5
15217,6350 Forward Ave #15,"Squirrel Hill South, Pittsburgh, PA",1350,2,2,900.0,N,N,40.4283989,-79.91931389999998,0.039716,4,2.875,7.5,36.5,11.5
15217,775 Greenfield Ave,"Greenfield, Pittsburgh, PA",1500,3,1,,N,N,40.4245345,-79.93564479999998,0.039716,6,3.75,5.5,41.0,12.0
15217,5463 Fair Oaks St,"Squirrel Hill North, Pittsburgh, PA",3500,4,4,2125.0,Y,N,40.445068,-79.93159200000001,0.039716,2,4.0,2.5,10.0,3.5
15217,5222 Beeler St,"Squirrel Hill North, Pittsburgh, PA",2250,3,2,1628.0,N,N,40.445051899999996,-79.935532,0.039716,3,4.0,1.0,4.0,1.0
15217,5837 Darlington Rd #2,"Squirrel Hill South, Pittsburgh, PA",795,Studio,1,,N,N,40.43727579999999,-79.92128740000001,0.039716,195,3.6794871794871793,7.0,23.0,8.0
15217,2123 Shady Ave #B11,"Squirrel Hill South, Pittsburgh, PA",1650,2,2,1000.0,Y,N,40.433941,-79.91814099999998,0.039716,42,3.6666666666666665,7.0,29.5,8.5
15217,5512 Bartlett St,"Squirrel Hill South, Squirrel Hill, PA",3000,5,3.5,,N,N,40.435235,-79.92997299999998,0.039716,1,4.5,3.5,16.5,5.5
15217,1530 Overton Ln,"Squirrel Hill South, Pittsburgh, PA",3500,3,3,2457.0,N,Y,40.419113200000005,-79.9173572,0.039716,1,3.0,12.0,62.0,23.0
15217,1619 Shady Ave,"Squirrel Hill North, Pittsburgh, PA",3790,3,3,2867.0,N,N,40.43968770000001,-79.91919370000001,0.039716,66,3.7803030303030303,4.0,23.0,6.0
15217,6524 Dalzell Pl,"Squirrel Hill North, Squirrel Hill, PA",3500,3,2.5,,N,N,40.441353,-79.915823,0.039716,1,5.0,6.0,27.0,8.0
15232,Royal Gardens Apartments,"Squirrel Hill North, Pittsburgh, PA",899 - 2045,1-3,1-2,,N,N,40.4524811,-79.92093059999998,0.033552,4,3.5,5.5,29.5,8.0
15232,5914-5920 Walnut Street Apartments,"Shadyside, Pittsburgh, PA",1174 - 1479,1-2,1,,Y,N,40.451096,-79.9332613,0.033552,145,3.779310344827586,5.5,28.5,10.0
15232,Thames Manor Apartments,"Shadyside, Pittsburgh, PA",730 - 1055,Studio-1,1,,Y,N,40.455064799999995,-79.93255909999998,0.033552,145,3.8241379310344827,6.5,25.5,7.5
15232,Georgian Apartments,"Shadyside, Pittsburgh, PA",1110 - 1180,1,1,,Y,N,40.4535197,-79.9353933,0.033552,124,3.6693548387096775,5.5,21.5,6.5
15232,Brett Apartments,"Shadyside, Pittsburgh, PA",1165 - 1395,1-2,1,,Y,N,40.4552272,-79.93207869999998,0.033552,131,3.8244274809160306,6.5,26.0,8.0
15232,Arlington Apartments,"Shadyside, Pittsburgh, PA",645 - 1300,Studio-1,1,,Y,N,40.4556466,-79.938232,0.033552,35,3.3142857142857145,6.0,25.0,8.0
15232,Howe and Maryland Apartments,"Shadyside, Pittsburgh, PA",1355,1,1,,Y,N,40.45015479999999,-79.9339834,0.033552,132,3.8143939393939394,5.5,18.5,8.0
15232,5520 5th Ave,"Squirrel Hill North, Pittsburgh, PA",1280,1,1,744.0,Y,N,40.44877,-79.93142639999998,0.033552,72,3.8333333333333335,5.0,19.0,5.5
15232,Ollie at Baumhaus Apartments,"Friendship, Pittsburgh, PA",1749 - 2779,Studio-2,1-2,,Y,N,40.457277600000005,-79.93655600000001,0.033552,32,3.203125,8.0,28.5,10.0
15232,Elwood Gardens Apartments,"Shadyside, Pittsburgh, PA",999 - 1909,1-3,1-2,,Y,N,40.4524811,-79.92093059999998,0.033552,4,3.5,5.5,29.5,8.0
15232,Shadyside Commons Apartments,"Shadyside, Pittsburgh, PA",1760 - 2085,1,1-1.5,,Y,N,40.45316079999999,-79.9409223,0.033552,8,3.1875,5.5,18.0,6.5
15232,Holden Street Apartments,"Shadyside, Pittsburgh, PA",Contact For Price,2-3,1,,Y,N,40.4560327,-79.9295942,0.033552,73,3.952054794520548,8.0,29.0,9.5
15232,College Manor Apartments,"Shadyside, Pittsburgh, PA",1111,1,1,,Y,N,40.4560327,-79.9295942,0.033552,73,3.952054794520548,8.0,29.0,9.5
15232,740 S Negley Avenue Apartments,"Shadyside, Pittsburgh, PA",1174,1,1,,Y,N,40.4518395,-79.9311125,0.033552,96,3.796875,4.5,24.0,8.5
15232,5506 5th Ave #316,"Squirrel Hill North, Pittsburgh, PA",1750,3,1,800.0,N,N,40.448707299999995,-79.9319359,0.033552,84,3.761904761904762,4.5,18.0,4.5
15232,5715 Elmer St #2,"Shadyside, Pittsburgh, PA",1395,2,1,1250.0,N,N,40.4537188,-79.9313198,0.033552,118,3.805084745762712,5.5,26.5,8.5
15232,5721 Elmer St #1,"Shadyside, Pittsburgh, PA",1395,2,1,1250.0,N,N,40.453780200000004,-79.93112640000001,0.033552,110,3.809090909090909,5.5,26.5,9.0
15232,5700 5th Ave #A23,"Squirrel Hill North, Pittsburgh, PA",925,1,1,,Y,N,40.4496911,-79.9292092,0.033552,6,3.8333333333333335,4.0,20.0,5.5
15232,5706 Walnut St #1,"Shadyside, Pittsburgh, PA",895,1,1,600.0,N,N,40.4520821,-79.93035400000001,0.033552,71,3.823943661971831,5.0,24.0,9.0
15232,819 College Ave #2,"Shadyside, Pittsburgh, PA",1050,1,1,,N,N,40.4529049,-79.9264846,0.033552,19,3.6578947368421053,5.0,27.0,10.0
15232,5506 5th Ave #207,"Squirrel Hill North, Pittsburgh, PA",1450,2,1,750.0,N,N,40.448707299999995,-79.9319359,0.033552,84,3.761904761904762,4.5,18.0,4.5
15232,700 College Ave #1,"Shadyside, Pittsburgh, PA",1215,1,1,,Y,N,40.455211600000005,-79.9284193,0.033552,56,4.0,6.0,31.0,10.0
15232,819 College Avenue,"Shadyside, Pittsburgh, PA",1110 - 1400,1-2,1,,N,N,40.4529049,-79.9264846,0.033552,19,3.6578947368421053,5.0,27.0,10.0
15232,5519 Baum Blvd #2,"Friendship, Pittsburgh, PA",1225,1,1,,Y,N,40.4578876,-79.9361753,0.033552,32,3.15625,8.0,29.0,10.0
15232,700 Ivy St #5,"Shadyside, Pittsburgh, PA",900,1,1,,Y,N,40.452849799999996,-79.93301559999998,0.033552,147,3.812925170068027,6.0,24.0,8.5
15232,631 S Negley Ave #3,"Shadyside, Pittsburgh, PA",1500,2,1,1300.0,N,N,40.453925,-79.931764,0.033552,119,3.810924369747899,5.0,26.5,8.0
15232,700 Ivy St #2,"Shadyside, Pittsburgh, PA",1100,1,1,,Y,N,40.452849799999996,-79.93301559999998,0.033552,147,3.812925170068027,6.0,24.0,8.5
15232,727 Bellefonte St #REAR,"Shadyside, Pittsburgh, PA",1395,2,1,900.0,Y,N,40.4518773,-79.9340137,0.033552,139,3.776978417266187,6.5,21.0,7.5
15232,661 College St #1,"Shadyside, Pittsburgh, PA",1000,1,1,,Y,N,40.455668599999996,-79.92808769999998,0.033552,52,4.038461538461538,6.0,31.0,9.5
15232,203 Lehigh Ave #2,"Shadyside, Pittsburgh, PA",975,1,1,,Y,N,40.458438,-79.92596,0.033552,21,4.309523809523809,9.0,33.5,10.5
15232,707 College Ave #1,"Shadyside, Pittsburgh, PA",1850,1,1,,N,N,40.454802,-79.927418,0.033552,40,4.0625,6.5,30.0,10.0
15232,5511 Baum Blvd #7,"Friendship, Pittsburgh, PA",1500,1,1,,Y,N,40.457844,-79.93639,0.033552,32,3.203125,8.0,28.5,10.0
15232,700 Ivy St #4,"Shadyside, Pittsburgh, PA",1500,2,1,,Y,N,40.452849799999996,-79.93301559999998,0.033552,147,3.812925170068027,6.0,24.0,8.5
15232,5747 Kentucky Ave #1,"Shadyside, Pittsburgh, PA",1800,2,1.5,1800.0,N,N,40.451220899999996,-79.928535,0.033552,7,3.5,5.0,23.0,9.5
15232,707 Filbert St,"Shadyside, Shadyside, PA",1950,2,1.5,,N,N,40.452535499999996,-79.9333353,0.033552,149,3.785234899328859,7.0,22.5,7.5
15232,"4 bed, 1395 sqft","Shadyside, Pittsburgh, PA",Contact For Price,4,2,,N,N,40.451096,-79.9332613,0.033552,145,3.779310344827586,798.0,3769.0,1375.0
15232,803 S Negley Ave #1,"Shadyside, Pittsburgh, PA",1500,3,1,1600.0,N,N,40.451949799999994,-79.9306532,0.033552,78,3.8525641025641026,4.5,23.0,9.0
15232,608 Filbert St #3,"Shadyside, Pittsburgh, PA",1000,2,1,700.0,Y,N,40.4528429,-79.9339809,0.033552,144,3.763888888888889,6.5,24.0,7.5
15232,631 College Ave #1,"Shadyside, Pittsburgh, PA",1010,2,1,,N,N,40.4561167,-79.9283653,0.033552,53,4.037735849056604,6.5,30.5,9.5
15232,803 S Negley Ave,"Shadyside, Pittsburgh, PA",1450,3,1,1800.0,N,N,40.451949799999994,-79.9306532,0.033552,78,3.8525641025641026,4.5,23.0,9.0
15232,5917 Walnut St #256,"Shadyside, Pittsburgh, PA",850,1,1,,N,N,40.4539417,-79.92660009999999,0.033552,30,3.9833333333333334,5.5,28.5,10.0
15232,767 College Ave,"Shadyside, Shadyside, PA",925,1,1,,N,N,40.453962,-79.92695599999998,0.033552,38,4.065789473684211,6.0,28.5,10.0
15232,5400 Howe St #4,"Shadyside, Pittsburgh, PA",900,Studio,1,600.0,N,N,40.44976320000001,-79.9348074,0.033552,121,3.8264462809917354,5.0,17.5,7.5
15232,803 S Negley Ave #6,"Shadyside, Pittsburgh, PA",533,,,,N,Y,40.451949799999994,-79.9306532,0.033552,78,3.8525641025641026,4.5,23.0,9.0
15232,912 Maryland Ave #4A,"Shadyside, Pittsburgh, PA",1100,2,1,,N,N,40.4514753,-79.92826120000001,0.033552,9,3.5555555555555554,5.0,24.0,10.0
15232,440 S Graham St #3,"Bloomfield, Pittsburgh, PA",950,2,1,,N,N,40.4581727,-79.93726699999998,0.033552,31,3.2096774193548385,8.0,29.0,10.5
15232,5735 Ellsworth Ave,"Shadyside, Pittsburgh, PA",750,1,1,,Y,N,40.455659499999996,-79.93156390000001,0.033552,113,3.8451327433628317,7.0,26.5,8.0
15232,307 S Graham St #1,"Friendship, Pittsburgh, PA",1800,4,1,1800.0,Y,N,40.4615652,-79.9360811,0.033552,13,3.4615384615384617,9.0,33.0,11.5
15232,5738 Howe St #2,"Shadyside, Pittsburgh, PA",1325,2,1,2600.0,Y,N,40.45141160000001,-79.9289926,0.033552,23,3.6739130434782608,5.0,23.5,10.0
15232,5124 5th Ave #2,"Squirrel Hill North, Pittsburgh, PA",995,,,,N,Y,40.4475205,-79.9373712,0.033552,30,3.7666666666666666,3.5,12.0,3.0
15232,5700 5th Ave #C31,"Squirrel Hill North, Pittsburgh, PA",795,1,1,750.0,Y,N,40.4496911,-79.9292092,0.033552,6,3.8333333333333335,4.0,20.0,5.5
15232,632 Summerlea St #1,"Shadyside, Pittsburgh, PA",1095,2,1,875.0,N,N,40.45407,-79.931422,0.033552,115,3.8391304347826085,6.0,27.5,9.0
15232,5977 Alder St #4,"Shadyside, Pittsburgh, PA",1095,2,1,,N,N,40.4573309,-79.92582089999998,0.033552,21,4.309523809523809,7.5,34.5,10.0
15232,5822 Holden St #3,"Shadyside, Shadyside, PA",845,1,1,,N,N,40.4548869,-79.9291152,0.033552,71,3.943661971830986,6.5,30.0,9.0
15232,5517 Claybourne St #2,"Shadyside, Pittsburgh, PA",1350,2,1,1000.0,N,N,40.45599740000001,-79.9354113,0.033552,82,3.6463414634146343,7.0,27.0,9.5
15232,5700 5th Ave #A24,"Squirrel Hill North, Pittsburgh, PA",895,1,1,775.0,Y,N,40.4496911,-79.9292092,0.033552,6,3.8333333333333335,4.0,20.0,5.5
15232,237 Lehigh Ave #2,"Shadyside, Pittsburgh, PA",1250,2,1,,N,N,40.4576561,-79.9260302,0.033552,21,4.309523809523809,9.0,33.5,10.5
15232,5731 Ellsworth Ave #S1,"Shadyside, Pittsburgh, PA",1030,1,1,620.0,Y,N,40.4555396,-79.93172729999998,0.033552,117,3.8205128205128207,7.0,26.5,8.0
15232,5700 5th Ave #A32,"Squirrel Hill North, Pittsburgh, PA",800,1,1,,Y,N,40.4496911,-79.9292092,0.033552,6,3.8333333333333335,4.0,20.0,5.5
15232,5551 Centre Ave #112,"Friendship, Pittsburgh, PA",980,1,1,470.0,N,N,40.4573126,-79.9345663,0.033552,17,3.2941176470588234,7.5,29.5,9.5
15232,The Bentley,"Shadyside, Pittsburgh, PA",1299,2,1,,Y,N,40.4529544,-79.9222429,0.033552,2,3.0,5.0,28.0,7.5
15232,Walnut on Howe Townhomes,"Shadyside, Pittsburgh, PA",Contact For Price,4,2.5,,Y,N,40.450956,-79.93355,0.033552,143,3.7867132867132867,6.5,20.0,7.5
15232,S. Negley Avenue,"Shadyside, Pittsburgh, PA",Contact For Price,1-2,1,,Y,N,40.4534148,-79.93176059999998,0.033552,120,3.8125,5.0,26.0,8.0
15232,5729 Holden St #2,"Shadyside, Pittsburgh, PA",1800,3,2,1850.0,N,N,40.4545315,-79.93117109999999,0.033552,111,3.8063063063063063,6.0,28.0,9.0
15232,Thames Manor Apartments,"Shadyside, Pittsburgh, PA",790 - 990,Studio-1,1,,Y,N,40.455064799999995,-79.93255909999998,0.033552,145,3.8241379310344827,6.5,25.5,7.5
15232,5729 Holden St #3,"Shadyside, Pittsburgh, PA",1800,3,2,1800.0,N,N,40.4545315,-79.93117109999999,0.033552,111,3.8063063063063063,6.0,28.0,9.0
15232,337 Spahr St #1,"Shadyside, Pittsburgh, PA",1395,2,1,1000.0,N,N,40.4561448,-79.92745,0.033552,41,4.073170731707317,7.0,32.0,10.0
15232,5506 5th Avenue,"Squirrel Hill North, Pittsburgh, PA",1425 - 1750,2-3,1,,N,N,40.448707299999995,-79.9319359,0.033552,84,3.761904761904762,4.5,18.0,4.5
15232,724 Maryland Ave,"Shadyside, Pittsburgh, PA",4200,4,2,2500.0,N,Y,40.4532064,-79.9293718,0.033552,70,3.9214285714285713,5.5,27.0,9.5
15232,5746 Howe St #2,"Shadyside, Pittsburgh, PA",1890,3,2,1800.0,Y,N,40.45152,-79.92872299999998,0.033552,21,3.642857142857143,5.0,24.0,10.0
15232,717 Copeland St,"Shadyside, Pittsburgh, PA",2900,4,3,1650.0,N,N,40.4516336,-79.9348381,0.033552,130,3.7807692307692307,6.5,20.0,8.0
15232,302 S Negley Ave #6,"Friendship, Pittsburgh, PA",1095,1,1,,Y,N,40.4604684,-79.9327804,0.033552,27,3.7222222222222223,9.0,34.0,11.0
15232,5741 Elmer St,"Shadyside, Pittsburgh, PA",1920,3,2,,N,N,40.4539751,-79.9304494,0.033552,88,3.7954545454545454,6.0,27.5,9.0
15232,5531 Howe St #1,"Shadyside, Pittsburgh, PA",1500,2,1,1100.0,N,N,40.450909,-79.932019,0.033552,105,3.7523809523809524,6.5,20.5,8.5
15232,5614 Walnut St,"Shadyside, Pittsburgh, PA",1100,1,1,,N,N,40.4517583,-79.93146109999998,0.033552,100,3.795,5.0,22.5,8.0
15232,5523 Ellsworth Ave #3C,"Shadyside, Pittsburgh, PA",1800,2,2,1045.0,Y,N,40.45389249999999,-79.9350537,0.033552,135,3.7,5.5,22.0,6.5
15232,Elmer Street Apartments,"Shadyside, Pittsburgh, PA",2203 - 2868,3,2.5,,Y,N,40.4560327,-79.9295942,0.033552,73,3.952054794520548,8.0,29.0,9.5
15232,6111 5th Ave #401,"Shadyside, Pittsburgh, PA",3155,2,2.5,,Y,N,40.4527635,-79.9227142,0.033552,1,3.0,5.0,28.0,12.0
15232,5730 Ellsworth Ave,"Shadyside, Pittsburgh, PA",2350,2,2.5,1320.0,N,N,40.45536729999999,-79.93120649999999,0.033552,111,3.810810810810811,7.0,26.5,8.0
15232,5537 5th Ave #2,"Shadyside, Pittsburgh, PA",1900,1,1,,N,Y,40.4496094,-79.93124069999998,0.033552,66,3.7954545454545454,4.0,19.0,5.0
15232,5537 5th Ave #6,"Shadyside, Pittsburgh, PA",1900,1,1,,N,Y,40.4496094,-79.93124069999998,0.033552,66,3.7954545454545454,4.0,19.0,5.0
15232,5537 5th Ave #3,"Shadyside, Pittsburgh, PA",1300,1,1,,N,Y,40.4496094,-79.93124069999998,0.033552,66,3.7954545454545454,4.0,19.0,5.0
15232,5537 5th Ave #5,"Shadyside, Pittsburgh, PA",1900,1,1,,N,Y,40.4496094,-79.93124069999998,0.033552,66,3.7954545454545454,4.0,19.0,5.0
15232,641 Maryland Ave #2,"Shadyside, Pittsburgh, PA",1295,1,1,700.0,Y,N,40.4551951,-79.92994770000001,0.033552,83,3.963855421686747,6.5,28.5,9.0
15232,5523 Ellsworth Ave #5C,"Shadyside, Shadyside, PA",1500,2,2,,N,N,40.45389249999999,-79.9350537,0.033552,135,3.7,5.5,22.0,6.5
15232,5746 Howe St,"Shadyside, Pittsburgh, PA",1995,3,2,,Y,N,40.45152,-79.92872299999998,0.033552,21,3.642857142857143,5.0,24.0,10.0
15232,730 S Negley Ave #42,"Shadyside, Pittsburgh, PA",1350,1,1,558.0,N,N,40.452365500000006,-79.931349,0.033552,112,3.830357142857143,5.0,24.0,8.5
15232,6111 5th Ave #301,"Shadyside, Pittsburgh, PA",3300,2,2.5,2800.0,Y,N,40.4527635,-79.9227142,0.033552,1,3.0,5.0,28.0,12.0
15232,705 Copeland St #2,"Shadyside, Shadyside, PA",4000,2,2.5,,Y,N,40.4519606,-79.9352202,0.033552,128,3.72265625,7.0,20.5,8.0
15232,5525 Ellsworth Ave #13,"Shadyside, Pittsburgh, PA",840,Studio,1,410.0,Y,N,40.4539633,-79.9347566,0.033552,135,3.740740740740741,5.5,22.5,6.5
15232,5537 5th Ave #7,"Shadyside, Pittsburgh, PA",1400,Studio,1,,N,Y,40.4496094,-79.93124069999998,0.033552,66,3.7954545454545454,4.0,19.0,5.0
15232,5934 Elwood St #PENTHOUSE,"Shadyside, Pittsburgh, PA",2745,2,2.5,,N,N,40.4544562,-79.92598180000002,0.033552,21,4.309523809523809,6.5,31.0,10.5
